ID	Usuario	Senha	Email
4	killerzinn	kill15	davidpiresduarte@gmail.com
2	Br4Nco	funcao3	eniobr4nco@gmail.com
3	FOURKETA	jefi21	feijao1024@hotmail.com
10	Coutinho	mechupavasc	coutinhohpp100@hotmail.com
5	monstrin	neto103	rubens.mathias.nascimento@outlook.com
6	Berrio	#mco290797#	berrio@gmail.com
7	CRF_pernA	88024112	rmario12@hotmail.com
8	SPFCTorok	inde1972	adamfalange@outlook.com
14	Arturzinho	3246851305	arturfiigueredo@outlook.com
15	[FFC]Reinilan	8492697431	reinilanrocha@hotmail.com
9	Ragnar	batman	lucas.franca004@gmail.com
11	Floki	av324685130	karisantoscoelho@hotmail.com
18	[CRF]Lampard	34678320	matheuspereira123@hotmail.com
13	Opaidoseunenem	mechupavasc	bielbrgol@hotmail.com
16	Matheus91	mfd1991	matheusf_damaceno@hotmail.com
19	Tyko	tyko050494	tykoxd@hotmail.com
23	Ada09	qwe123	adagremista@hotmail.com
22	VicioJau	well12345	well_1111@hotmail.com
21	Iphone	batman	ro.sfranca@hotmail.com
20	meunomefeio	12344321	jshdhdudhs@hotmail.com
24	bruninho	bruninho112	bruninho.marcelo@icloud.com
25	BrunoCosta	bruno147	brunomarcelo.1995@gmail.com
26	D.Beckham	34678320	matheusinhodalm@gmail.com
31	CRF_Fenomeno	ramon22k	ramon-marbrasa@hotmail.com
30	Dima	hahaha123	berey.br@hotmail.com
27	T.Neves	34678320	matheus_miojo11@hotmail.com
29	[SCFC]Neto	123621	gilvaneto97@gmail.com
33	-DeBruyne.	ypcs2001	pereirayuriofc@hotmail.com
28	cirino30	070716	heversonpatricia47@gmail.com
34	Topppp	coutinho123	Fhdjdhsu@hotmail.com
35	Tolouco	tolouco123	Fhdjdshsu@hotmail.com
32	Navinha	famosinho10	lucas.jau.nm@hotmail.com.br
37	MrAlan	megaware1	alan.sep210@hotmail.com
41	EU MATEL	motta06	angelis46@live.com
36	kjgoltop	kjgols2	kjgol@hotmail.com
38	D.Mon	guiga025	guiga025@hotmail.com
45	AlanaPatricia	alana2008	alanapattytavares2@gmail.com
39	SPFC_Nino	jesuslindo	severinobatistajunior@hotmail.com
42	EU MATO	123456	osasco0300@hotmail.com
40	[SCCP]Pzhenri	CAT54321	zhenri.carvalho@gmail.com
43	ManoelSouza	manoel1234	manoel-sousa-stm21@hotmail.com
44	AlanaTavares	alana2008	alanapattytavares@gmail.com
46	AdsonTavares	alana2008	adsontavares.brgol@gmail.com
48	Augusto	gg1994	guguzinhostm@gmail.com
51	OSFANATICOS1977	101113	andercelli01@gmail.com
47	Gugu	gg1994	gugusousastm@gmail.com
49	GuGuzinho	gg1994	gugucostastm@gmail.com
52	BONDEDACAVEIRA	101113	ander_pagnoncelli@hotmail.com
50	[CAM]Matheus	noia123	Felipi_bmx02@hotmail.com
58	CoYoT	jc100395	jzecapn@hotmail.com
53	Fucks	101113	cirilopagnoncelli@hotmail.com
54	Metalist	101113	metalsonico@gmail.com
61	VICT0RST	xx5232469	arlissonbiologia@gmail.com
55	Gui09	senha0	Guinhoo.limaa@gmail.com
56	PLondrina	todosporum	londrinapresidentekj@outlook.com
57	Zidane	34678320	matheusinho_vips@hotmail.com
62	Masterkey	xx5232469	riceleoliver@gmail.com
60	Ypioca	993290792g	ypiocafut@gmail.com
59	Zico	hahaha123	kja@hotmail.com
64	Juninho08	nuhg98	fabio-sg@live.com
63	Arlisson	xx5232469	bi0l0g0@hotmail.com
66	Juninho	nuhg98	josemauriciogouveia@gmail.com
65	Nene	nuhg98	bernardodealmeidaxavier@gmail.com
71	Fabio	nuhg98	fabio.vl.bigshow@hotmail.com
67	DiegoSouza	nuhg98	dasilvagarcia668@gmail.com
68	Durval	nuhg98	gusttavo_silveira@hotmail.com
69	olokos	olokos	olokos@hotmail.com
72	Felp26	2133715013	felipe.fernandes26.rj@gmail.com
70	EmersonEckstein	marechal100	emerson.eckstein@hotmail.com
73	broooks	123456	bob32@yopmail.com
75	krauser	ab142536	eltonkrauser@uol.com.br
74	Laaaszin	lalala	kaoks@gmail.com
77	Vitor	perfume1	vitorsouzafontes@hotmail.com
76	MesutOzil	34678320	miojo_matheus@hotmail.com
79	iMitoX	44742412	fran1533pb@hotmail.com
78	Neext	THIAGOCL	brgol98@hotmail.com
81	brenin	98454911	pedrodarke@gmail.com
80	pedrodarke		
82	[CAP]Dien	101112	delycar@mailinator.com
84	Xandy	alana2008	xandy@gmail.com
83	Gui10	senha0	luciaradar@hotmail.com
87	YagoM7	martins07	guinhoo_69@hotmail.com
85	AdsonAlexandre	alana2008	xandy1@gmail.com
86	PatriciaAlmeida	alana2008	xandy2@gmail.com
88	Martins	martins07	atendimento@olmed.med.br
89	Sousa	gg1994	sousastm1@gmail.com
92	BOLT	101112	bronxvall01@mailinator.com
94	Pogba	mco290797	pogba@hotmail.com
90	Almeida	gg1994	almeidastm1@gmail.com
91	BRONX	101112	bronxvall@mailinator.com
93	QUINHO	101112	bronxvall02@mailinator.com
97	ANGELICA	motta02	mottasomltda@gmail.com
95	Gui1978	01020304	gui_2_2013@gmail.com
96	contato14	motta01	contato14@hotmail.com.br
101	NeymarJr	bruno147	bruninho.marcelo@hotmail.com
98	CRUZEIRO	motta03	edgarddmjr@gmail.com
100	Pele	pele07	hp@hotmail.com
99	PORTUGUSA27	MOTTA04	mottasomltda1@hotmail.com.br
102	CristianoRonaldo7	bruno147	bruuninho.marcelo@hotmail.com
108	sci_digo	repolho	prestesdigo@gmail.com
104	LionelMessi10	bruno147	bruninho.marcelo@gmail.com
103	PhillipeCoutinho	bruno147	casemito.sjc@gmail.com
111	[SPFC]Torok	elaine01	murillo_torok@hotmail.com
106	[SCFC]NetoO	123621	gm-titan@hotmail.com
109	ganja_boy	repolho	rpadigo@gmail.com
105	BoladoSCI	abc1230123	marcelogodooi@outlook.com
107	Tykao	050494	pedrinho.henri123.pc@gmail.com
110	Guida	grigio10	guigrigio@hotmail.com
113	[SCCP]Pedro	cat54321	
115	RRocha	394216514	projetarefriburgo@hotmail.com
112	ricardoclimacob	ricardo1	ricardo97897@gmail.com
116	Oliveeira	doidao123	guilherme10023@gmail.com
117	iMundy	101113	saoimundo@mailinator.com
114	RicardoC	jose11	ricardoclimacob@gmail.com
118	Cypher	101113	saoimundo2@mailinator.com
119	RafaelTOG	rafael123	rafaelrr33@bol.com.br
120	[SCCP]Pczhenri	lolmax231	pedrinho_mlk.cat@hotmail.com
121	[CRF]Pedrosz	bolivia	Pedrorhuug@hotmail.com
122	CelsoFG	tog13tog13	celsotog@gmail.com
129	Roger.	221114	roger_suptitz@hotmail.com
123	tubarao 13	123456	thiago-ibipa2015@hotmail.com
127	FOURKETA!	jefi21	jefinho.vt@hotmail.com
124	tubarao15	123456	thiagocarlos1996@gmail.com
131	teste123	12345678	hugomeadd@hotmail.com
125	VItor.	perfume1	vitorfontes.fc1@hotmail.com
126	LucasBorges	pst975	lucas.b.carneiro@hotmail.com
128	victhor88	110895a	victhor.rossi@hotmail.com
130	GALOUCURAZONAOESTE	atletico13	leozimgzn@hotmail.com
132	FuriaOsCrias	atletico13	leozimhp@hotmail.com
133	Since1984	atletico13	tog.leonardo@yahoo.com.br
135	LopesGZN	atletico13	leoexploud1@bol.com.br
134	P.zHen	cat54321	pedrinho.henri.pc1@gmail.com
139	Costa	gg1994	costastm@gmail.com
136	RafaelTOG2	rafael123	rafaelrr11@bol.com.br
142	Zic	zico07	zico@hotmail.com
138	FOURKETA!!	jefi21	feijao1010@hotmail.com
137	FOUKERTA.	jefi21	jefinho.vt10@hotmail.com
143	MatheusR	matheus2406	Mrohling78@gmail.com
144	Lewandowski	mco290797	lewan@hotmail.com
140	Galoucura Neves	36254753gal	Lucas_sabao2@hotmail.com
141	Magico	231103	
147	RafaelTOG3	rafael13	rafaelrr3437@bol.com.br
145	Reus	mco290797	reus@hotmail.com
146	Aubameyang	mco290797	auba@hotmail.com
148	RafaelTOG4	rafael123	rafaelrr99@yahoo.com.br
150	RafaelTOG6	rafael123	rafaelrr22@bol.com.br
149	RafaelTOG5	rafael123	rafaelrr55@bol.com.br
151	Guerrero	mco290797	guerrero@hotmail.com
152	VicioJau2	well12345	well.jau@gmail.com
153	Chape	alana2008	chape@gmail.com
159	Mateus	11021998	edivaldomateus7@hotmail.com
154	Chape1	alana2008	chape1@gmail.com
155	Chape2	alana2008	chape2@gmail.com
156	Zepelin	afffff	adsl_pqp@hotmail.com
157	LucasJP	lucas123456	lucassimiano@hotmail.com
158	lucassimiano	lucas123456	lucas.azevedo14@hotmail.com
161	Diego35	maeteamo	lenonsouza16@gmail.com
162	RodeMafia	karol987	rodolfo_pablo@hotail.com
160	BRGOL	jampackk	mony_bn@hotmail.com
163	Bezerra	ricardo1	ricardo9534@gmail.com
167	HarryPresto	88420915	saulocoradinI@hotmail.com
164	Kit-kat	felipe	Lipemello0012@gmail.com
165	Casemiro	bruno147	Casemiro.casemito@gmail.com
166	SCCPFraan	44742412	saandraxvt@gmail.com
169	Marrecob13	9718135813b	seductiontotaly@gmail.com
170	GabGol	08112005	amaralmona1@gmail.com
168	Reinaldob13	9718135813b	reinaldopaganinib13@gmail.com
171	Gabriel	soulindo	gabrielligaultras123@gmail.com
177	RafaelTOG8	rafael123	rafaelrr44@bol.com.br
172	FnOT	fnot124	fefe_live@live.com
174	Desligado	78472342fef	fatasma100@gmail.com
176	RafaelTOG7	rafael123	rafaelrr34@bol.com.br
173	Teutjs	34221350m	matheusjose100@hotmail.com.br
175	Teutjs08	34221350m	matheustjs100@hotmail.com.br
181	Karma	93209344	jessicacoradiny@hotmail.com
178	RafaelTOG9	rafael123	rafaelrr66@bol.com.br
183	Arce	100269	Alan.litoralsul@gmail.com
180	Maurisp	visual123	mdfisica@yahoo.com.br
179	Nami	93209344	janetecoradiny@hotmail.com
182	Indim.r9	well12345	well.jau@hotmail.com
184	Renanzin	78879208	renan_cnt@hotmail.com
186	Victhor	110895a	mato@hotmail.com
185	feliphe88	110895a	fartu09@hotmail.com
187	TeteuO9	david95	matheus_david95@hotmail.com
191	Dybala	81290123	mew.mewtwox@gmail.com
188	Climaaco	ricardo1	ricardo9534@hotmail.com
189	Europeu	madrugada	my.paper.heart@hotmail.com
193	RafaelTOG11	rafael123	rafaelrr88@bol.com.br
195	RafaelTOG13	rafael123	rafaelrr89@bol.com.br
192	RafaelTOG10	rafael123	rafaelrr77@bol.com.br
194	RafaelTOG12	rafael123	rafaelrr67@bol.com.br
196	NOROESTE	atletico13	galoucuranoroeste@hotmail.com
199	NEVES	atletico13	galoucuraneves@hotmail.com
197	CONTAGEM	atletico13	galoucuracontagem@hotmail.com
198	ZONANORTE	atletico13	galoucurazn@hotmail.com
203	pietrosilva	31085750	professor.silva6@gmail.com
206	Olaria1	RealMadrid	Olaria1@hotmail.com
202	LZumba	lulameufi	luizvictortoic@hotmail.com
201	SCFC_Neto	123621	ma.yara.karla@hotmail.com
205	CRF_LeKiNhO	thayigor	IgoorSantos10@hotmail.com
208	bielcsc	asd123	bielcsc@yahoo.com.br
207	Olaria2	RealMadrid	Olaria2@hotmail.com
209	Maestro	78879208	Mastro157@hotmail.com
212	Thaynara	HalaMadrid	fla_igor@hotmail.com
210	Marreco ?	9718135813	santosstephany25@hotmail.com
211	Silveira	32293149	pablo-dutra2012@hotmail.com
216	GoldoOlaria1	Flamengo	GoldoOlaria1@hotmail.com
213	GoldoOlaria	Flamengo	GoldoOlaria@hotmail.com
214	GoldoOlaria2	Flamengo	GoldoOlaria2@hotmail.com
215	GoldoOlaria3	Flamengo	GoldoOlaria3@hotmail.com
217	Tozetto	isabelle	tozetto3@hotmail.com.br
222	CAPGuto	eletronica	guto_140697@hotmail.com
219	LucasBravo52	5960911415	luucas_campos@hotmail.com
220	ReverseD	yeshua2016	rodolfo.oliveira9515@gmail.com
224	Gui.O	doidao123	babid.babid@hotmail.com
221	LucasBravo52.	5960911415	luucascampos95@gmail.com
225	Thales Natan	tnatan1996	thalesnatan10@gmail.com
223	Legacy	lita123	alexandreguevarapj@hotmail.com
226	B1llowSurF	74160479	rafinha.nunes@gmail.com
229	RafaelTOG16	rafael123	rafaelrr4656@bol.com.br
228	RafaelTOG15	rafael123	rafaelrr456@bol.com.br
227	RafaelTOG14	rafael123	rafaelrr333@bol.com.br
233	TheLegend	neguinha	kelvin_rock100@hotmail.com
230	RafaelTOG17	rafael123	rafaelrr3663@bol.com.br
232	ALenda	neguinha	kelvins_vinicius20@hotmail.com
234	Magico!	231102	lucastdv23@gmail.com
231	KatiaCAM	katia987	ajrcoura@gmail.com
236	CFC-Bonin	rafa1234	rafabonin_@hotmail.com
237	Shevvoo	rafa1234	rafa_pr_sjp@hotmail.com
235	MODESTO	142536lu	lucas_evander@hotmail.com
240	Vital10	985410a	joaovictor.bfo@gmail.com
238	Marcelo12	bruno147	bruninho.marcelo@yahoo.com.br
242	xVitin	t68h85q6	vitorgabriel_nascimento@hotmail.com
239	PEGAOVIPLOGO	123621	sdr64@live.com
244	KeeL	neguinha123	kelvins_brgol10@hotmail.com
247	Manoel1	gugu456	manoel4@gmail.com
243	[CL]SantaCruzFC	lima1010	cleysonlimac@gmail.com
245	Ronaldo09	78615470	renan_silva-10@hotmail.com
250	Manoel4		
246	Guigs	doidao123	guilherme10023@hotmail.com
248	Manoel2	gugu234	manoel2@gmail.com
251	Gui01	senha0	londrina1@gmail.com
253	BootLondrina	123456	senha2@hotmail.com
252	Gui02	senha0	londrina2@gmail.com
254	BotLonrina1	123456	mariaantoniamadeira@hotmail.com
256	BotLondrina2	123456	solamento@hotmail.com
258	botlondrina4	123456	euvoceele@hotmail.com
255	BotLondrina1	123456	kasgzo@hotmail.com
260	Gui03	senha0	fggfdg@gmail.com
259	Botlondrina5	123456	nois@hotmail.com
257	Botlondrina3	123456	meupauteama@hotmail.com
261	Gui04	senha0	fggfdge@gmail.com
263	Josimar	leonardo123	josimar@tog.com.br
262	Gui05	senha0	fggfdged@gmail.com
265	Macale	leonardo123	macale@tog.com.br
266	Fejao	leonardo123	fejao@tog.com.br
264	Gui06	senha0	fggfdgede@gmail.com
267	Gamboa	leonardo123	gamboa@tog.com.br
268	Gui07	senha0	fgfgg@gmail.com
269	Gui08	senha0	fgfggy@gmail.com
272	Gui13	senha0	fffeffg@gmail.com
274	Gui15	senha0	fffeffgrg@gmail.com
275	Gui16	senha0	fffeffggrg@gmail.com
271	Gui12	senha0	fgfggygf@gmail.com
270	Gui11	senha0	fgfggyf@gmail.com
276	Gui17	senha0	dfgdsgfds@gmail.com
273	Gui14	senha0	fffeffgg@gmail.com
278	Gui19	senha0	dgfgdsegfds@gmail.com
279	Gui20	senha0	dgfgdfsegfds@gmail.com
277	Gui18	senha0	dgfgdsgfds@gmail.com
280	GoldoOlaria4	Flamengo	GoldoOlaria4@hotmail.com
285	Dexter	111111	yohan.tb@hotmail.com
282	GoldoOlaria6	Flamengo	GoldoOlaria6@hotmail.com
281	GoldoOlaria5	Flamengo	GoldoOlaria5@hotmail.com
283	GoldoOlaria7	Flamengo	GoldoOlaria7@hotmail.com
288	Huguinrxrx	cocozinho12	hugo_araujo2001@hotmail.com
284	MARCOS!	thayrine8	marcos.olivetti@hotmail.com
287	kyuter	199228lj22	jv.victor22@live.com
289	Hugorx	coco123456	hugo_araujo2017@hotmail.com
286	AlissonRodriguez	alissonsnak	Alisson_rodriguez2@hotmail.com
292	GoldoOlaria9	Flamengo	GoldoOlaria9@hotmail.com
295	botjefi	123456	botjefi@hotmail.com
290	nilmar	juvejuve2	gleyjuve@gmail.com
293	GoldoOlaria10	Flamengo	GoldoOlaria10@hotmail.com
291	GoldoOlaria8	Flamengo	GoldoOlaria11@hotmail.com
294	GoldoOlaria11	Flamengo	
296	botjefi1	123456	botjefi1@hotmail.com
297	botjefi2	123456	botjefi2@hotmail.com
299	EmersonTEC	marechal100	emerson.eckstein10@gmail.com
298	botjefi3	123456	botjefi3@hotmail.com
302	VASCONDESFJV	25261313	GABRIELBERTO@HOTMAIL.COM
304	botlondrina6	123456	botlondrina6@hotmail.com
300	Rafael10	mengao2013	rafa_feques@hotmail.com
301	Rique	arwingalyn	henrique_betreziano@hotmail.com
307	botlondrina9	123456	botlondrina9@hotmail.com
303	Lukinhaas	Lv241101	lucascvarela123@gmail.com
306	botlondrina8	123456	botlondrina8@hotmail.com
305	botlondrina7	123456	botlondrina7@hotmail.com
308	VicioJau3	well12345	welljahu2@gmail.com
310	eohnatan	21851161790	natanb14_crossfire@hotmail.com
311	Julio	ejr5dps123	julio.mezzomo@hotmail.com
309	Rino	157482	rinotubebr@gmail.com
313	RafaelTOG18	rafael123	rafaelrr3323@bol.com.br
312	Luchini	ejr5dps123	juliopbnp@yahoo.com.br
314	RafaelTOG19	rafael123	rafaelrr3454@bol.com.br
315	RafaelTOG20	rafael123	rafaelrr345453@bol.com.br
316	Natanzinb13	21851161790	natanb15_crossfire@hotmail.com
321	Jefferson10	cassiteamo	gordaometemala12@gmail.com
322	RafaelTOG21	rafael123	rafaelrr3d3@bol.com.br
317	Gwuy	grigio10	ggrigio96@gmail.com
319	VicioJau5	well12345	bootkj1@gmail.com
318	VicioJau4		
320	VicioJau6	well12345	bootkj3@gmail.com
323	RafaelTOG22	rafael123	rafaelrrdd33@bol.com.br
327	[CFC]Bonin	rafa1234	raafaa.bonin@hotmail.com
324	RafaelTOG23	rafael123	rafaelrr3f3@bol.com.br
328	Cabaye	57d514a5fa9	mauvilagoa@gmail.com
325	RafaelTOG24	rafael123	rafaelrr33f@bol.com.br
326	RicaardoC	jane11	ricardobclimaco@gmail.com
330	Navinha1	famosinho10	navas3@mailinator.com
332	Navinha3	famosinho10	
329	Masterkeyy	xx5232469	crysstms@gmail.com
331	Navinha2	famosinho10	navas2@mailinator.com
334	Gui21	senha0	fgfgf@gmail.com
337	Bocao	leonardo123	bocao@tog.com.br
333	Navinha4	famosinho10	nava43@mailinator.com
336	Grilo	leonardo123	grilo@tog.com.br
335	Vinicim	leonardo123	vinicim@tog.com.br
339	GoldoOlaria12	Flamengo	GoldoOlaria12@hotmail.com
338	Ferrugem	leonardo123	ferrugem@tog.com.br
343	Fanatics	998811	farinelli-@hotmail.com
340	GoldoOlaria13	Flamengo	GoldoOlaria13@hotmail.com
344	botlondrina10	123456	botlondrina10@hotmail.com
341	GoldoOlaria14	Flamengo	GoldoOlaria14@hotmail.com
345	botlondrina11	123456	botlondrina11@hotmail.com
342	GoldoOlaria15	Flamengo	GoldoOlaria15@hotmail.com
348	tacitovascaino	haraujo	tacito_vascaino@hotmail.com
346	botlondrina12	123456	botlondrina12@hotmail.com
350	GoldoOlaria16	Flamengo	GoldoOlaria16@hotmail.com
347	botlondrina13	123456	botlondrina13@hotmail.com
352	GoldoOlaria18	Flamengo	GoldoOlaria18@hotmail.com
349	xVitin	t68h85q6	vjn_windows@hotmail.com
353	GoldoOlaria19	Flamengo	GoldoOlaria19@hotmail.com
351	GoldoOlaria17	Flamengo	GoldoOlaria17@hotmail.com
354	catanduvense1	bucica123	catanduvense1234@gmail.com
355	catanduvense2		
359	Cat3	neguinha	klkkkk@hotmail.com
361	MateusVitor	sorte7	mateuzinho120@hotmail.com
356	catanduvense3	bucica123	catanduvense12354@gmail.com
363	RafaelTOG26	rafael123	rafaelrr3ww3@bol.com.br
357	Cat1	neguinha	kkkk@hotmail.com
358	Cat2	neguinha	kkkkk@hotmail.com
362	RafaelTOG25	rafael123	rafaelrr34543@bol.com.br
364	RafaelTOG27	rafael123	rafaelrr3sc3@bol.com.br
360	Cat4	neguinha	klkkfkk@hotmail.com
365	RafaelTOG28	rafael123	rafaelrr3e3@bol.com.br
369	VicioJau10	wel12345	bootkj@gmail.com.br
368	VicioJau9	well12345	bootkj@gmail.com
370	ohVitao	985410a	joaovictor.bfo2@gmail.com
366	VicioJau7	qwaszx28	bootkj4@gmail.com
371	Pantera	stm1010	pantera@gmail.com
367	VicioJau8	well12345	bootkj5@gmail.com
372	Pantera1	stm1010	pantera1@gmail.com
376	Lusa	000000	lusa@gmail.com
375	RaiFran	000000	raifran@gmail.com
379	BotLondrinao1	123456	aokssaok@hotmail.com
373	Pantera2	stm1010	pantera2@gmail.com
374	Pantera3	stm1010	pantera3@gmail.com
377	Lusa1	000000	lusa1@gmail.com
383	Gui24	senha0	fjdkffdekf@gmail.com
378	Lusa2	000000	lusa2@gmail.com
380	Gui22	senha0	fjdkekf@gmail.com
381	Gui23	senha0	fjdkfdekf@gmail.com
382	Botlondrinao2	123456	oasokasko@hotmail.com
385	BootLondrina1	123456	francisco.s@hotmail.com
384	Gui25	senha0	fjdkfffdekf@gmail.com
390	BootLondrina6	123456	fraanciscoo@hotmail.com
392	BootLondrina8	123456	fraancisc@hotmail.com
387	BootLondrina3	123456	franciscoo@hotmail.com
388	BootLondrina4	123456	fraancisco@hotmail.com
389	BootLondrina5		
395	[mopa]raimundoo	daviid	sraimundo2@yopmail.com
391	BootLondrina7	123456	fraanciscooo@hotmail.com
393	[mopa]raimundao	daviid	sraimundo@yopmail.com
398	Pantera5	stm1010	pantera5@gmail.com
394	[mopa]raimundo	daviid	sraimundo1@yopmail.com
396	[mopa]raimundoimundo	daviid	sraimundo3@yopmail.com
397	Pantera4	stm1010	pantera4@gmail.com
401	Bernardo	nuhg98	Bernardodealmeida@hotmail.com
399	Pantera6	stm1010	pantera6@gmail.com
403	Lorena	nuhg98	lorenadealmeida@hotmail.com
400	Pantera7	stm1010	pantera7@gmail.com
402	LucasPratto14	elaine01	oasosaoksa@hotmail.com
406		000000	forcachape@Gmail.com
404	Jose	nuhg98	Josedealmeida@hotmail.com
413	GoldoOlaria21	Flamengo	GoldoOlaria21@hotmail.com
405	Brenda	nuhg98	Brendamaria@hotmail.com
407		000000	forcachape1@Gmail.com
408		000000	forcachape2@Gmail.com
409		000000	forcachape3@Gmail.com
410	FelipeMelo	93209344	saulocoradiny@hotmail.com
416	RafaelTOG29	rafael123	rafaelrr3da3@bol.com.br
411	olokosmeu	olokosmeu	olokosmeu@hotmail.com
412	GoldoOlaria20	Flamengo	GoldoOlaria20@hotmail.com
417	RafaelTOG30	rafael123	rafaelrr3ss3@bol.com.br
414	GoldoOlaria22	Flamengo	GoldoOlaria22@hotmail.com
415	GoldoOlaria23	Flamengo	GoldoOlaria23@hotmail.com
418	RafaelTOG31	rafael123	rafaelrr3sss3@bol.com.br
419	RafaelVillaNova	rafael123	rafaelrr3w3@bol.com.br
423	Bruxinho	neguinha	ksssekksek@hotmail.com
420	Bruxa	neguinha	kekek@hotmail.com
421	Bruxao	neguinha	kekkek@hotmail.com
422	Bruxinha	neguinha	kekksek@hotmail.com
427	ChopeD	botzinho123	zvcrsbtf@eelmail.com
424	ChopeA	botzinho01	zuvrdxku@eelmail.com
425	ChopeB	botzinho123	zbfzzhut@tafmail.com
426	ChopeC	botzinho123	zknfccwn@getairmail.com
428	SILFER	onerb0121	dagobrenin@gmail.com
430	ChopeF	botzinho123	zjxpimwb@anappfor.com
429	ChopeE	botzinho123	zmqmwtlu@zetmail.com
431	ChopeG	botzinho123	zsrntzdj@getairmail.com
434	ChopeI	botzinho123	jivupigix@katztube.com
432	ChopeH	botzinho123	zigbirby@zetmail.com
433	Frankenstein	onerb0121	dagobreno@gmail.com
439	ChopeN	botzinho123	mezuxem@12storage.com
435	ChopeJ	botzinho123	cuterozet@gafy.net
436	ChopeK	botzinho123	jelosegosa@cheaphub.net
437	ChopeL	botzinho123	kubivibul@12hosting.net
438	ChopeM	botzinho123	voho@katztube.com
442	ChopeQ	botzinho123	wefiduyo@lillemap.net
440	ChopeO	botzinho123	wugaxotoz@katztube.com
441	ChopeP	botzinho123	cola@cheaphub.net
445	ChopeT	botzinho123	wehe@cheaphub.net
443	ChopeR	botzinho123	kugo@12storage.com
444	ChopeS	botzinho123	tedopozi@gamgling.com
446	Halokes	onerb0121	dagobreno@hotmail.com
